ma,tieude
u1,Unit 1
u2,Unit 2
u3,Unit 3
u4,Unit 4
u5,Unit 5
u6,Unit 6
u7,Unit 7
u8,Unit 8
u9,Unit 9
u10,Unit 10
AudioTrack_01_01.mp3,
AudioTrack_01_02.mp3,
AudioTrack_01_03.mp3,
AudioTrack_01_04.mp3,
AudioTrack_01_05.mp3,
AudioTrack_01_06.mp3,
AudioTrack_01_07.mp3,
AudioTrack_02_01.mp3,
AudioTrack_02_02.mp3,
AudioTrack_02_03.mp3,
AudioTrack_02_04.mp3,
AudioTrack_02_05.mp3,
AudioTrack_02_06.mp3,
AudioTrack_03_01.mp3,
AudioTrack_03_02.mp3,
AudioTrack_03_03.mp3,
AudioTrack_03_04.mp3,
AudioTrack_03_05.mp3,
AudioTrack_04_01.mp3,
AudioTrack_04_02.mp3,
AudioTrack_04_03.mp3,
AudioTrack_04_04.mp3,
AudioTrack_04_05.mp3,
AudioTrack_04_06.mp3,
AudioTrack_04_07.mp3,
AudioTrack_05_01.mp3,
AudioTrack_05_02.mp3,
AudioTrack_05_03.mp3,
AudioTrack_05_04.mp3,
AudioTrack_06_01.mp3,
AudioTrack_06_02.mp3,
AudioTrack_06_03.mp3,
AudioTrack_06_04.mp3,
AudioTrack_07_01.mp3,
AudioTrack_07_02.mp3,
AudioTrack_07_03.mp3,
AudioTrack_08_01.mp3,
AudioTrack_08_02.mp3,
AudioTrack_08_03.mp3,
AudioTrack_08_04.mp3,
AudioTrack_08_05.mp3,
AudioTrack_09_01.mp3,
AudioTrack_09_02.mp3,
AudioTrack_09_03.mp3,
AudioTrack_10_01.mp3,
AudioTrack_10_02.mp3,
AudioTrack_10_03.mp3,
